Loan_ID,ApplicantIncome,CoapplicantIncome,LoanAmount,Loan_Amount_Term,Credit_History,Gender_Male,Married_Yes,Dependents_1,Dependents_2,Dependents_3+,Education_Not Graduate,Self_Employed_Yes,Property_Area_Semiurban,Property_Area_Urban
LP001273,0.09772843680942066,0.21504218496583322,1.4189597982848712,0.2732312961117544,0.41173269183271005,1,1,0,0,0,0,0,1,0
LP001316,-0.4006279980413318,0.43735071155571414,-0.17554341627556563,0.2732312961117544,0.41173269183271005,1,1,0,0,0,0,0,1,0
LP001758,0.13868475131063304,0.025224904569858004,0.7644995236518561,0.2732312961117544,0.41173269183271005,1,1,0,1,0,0,0,1,0
LP002537,-0.5439750987955752,0.5228539910133606,-0.21124124943736647,0.2732312961117544,0.41173269183271005,1,1,0,0,0,0,0,1,0
LP002493,-0.2027270863714735,-0.5544873301529852,-0.5682195810553747,0.2732312961117544,-2.428760260810931,1,0,0,0,0,0,0,1,0
LP002191,2.3470492292160055,1.2465537483428806,5.048239503067955,0.2732312961117544,0.41173269183271005,1,1,0,0,0,0,0,0,0
LP001264,-0.3391935262895132,0.18631308306806402,-0.18744269399616592,0.2732312961117544,0.41173269183271005,1,1,0,0,1,1,1,1,0
LP001050,-0.33395111803335803,0.10115181672824809,-0.4016296929669709,0.2732312961117544,-2.428760260810931,1,1,0,1,0,1,0,0,0
LP001639,-0.2913565509520971,-0.5544873301529852,-0.44922680384937197,0.2732312961117544,0.41173269183271005,0,1,0,0,0,0,0,1,0
LP001935,0.672427441890433,-0.5544873301529852,0.49081613607804975,0.2732312961117544,0.41173269183271005,1,0,0,0,0,0,0,0,0
LP002706,-0.019406622664046805,-0.06540857165524729,0.1814349153424426,0.2732312961117544,-2.428760260810931,1,1,1,0,0,1,0,1,0
LP002862,0.11820659406002686,0.0012839863217169861,0.49081613607804975,2.1372759162519452,0.41173269183271005,1,1,0,1,0,1,0,1,0
LP002369,-0.4068533578455161,-0.5489740784062651,-0.6991116359819778,0.2732312961117544,0.41173269183271005,1,1,0,0,0,0,0,0,0
LP001574,-0.27792287979569946,0.52832620089865,0.43131974747504837,0.2732312961117544,0.41173269183271005,1,1,0,0,0,0,0,0,0
LP002319,0.13966770285866215,-0.5544873301529852,0.16953563762184234,0.2732312961117544,0.41173269183271005,1,1,0,0,0,0,0,0,1
LP002699,1.9817189038651908,-0.5544873301529852,3.0253622905659086,0.2732312961117544,0.41173269183271005,1,1,0,1,0,0,1,0,0
LP001020,1.2184570268205968,3.196712546212882,2.4184991268152944,0.2732312961117544,0.41173269183271005,1,1,1,0,0,0,0,1,0
LP002175,-0.10705313569664134,0.24342927374577186,-0.18744269399616592,0.2732312961117544,0.41173269183271005,1,1,0,0,0,0,0,0,1
LP002555,-0.13441195378345122,0.15792599428812537,0.16953563762184234,0.2732312961117544,0.41173269183271005,1,1,0,1,0,0,1,1,0
LP002367,-0.13064397284933968,-0.5544873301529852,-0.7705073023055794,0.2732312961117544,0.41173269183271005,0,0,1,0,0,1,0,0,0
LP002949,-0.8170718038896595,13.696173250494041,2.4303984045358944,-2.5228356340985316,0.41173269183271005,0,0,0,0,1,0,0,0,1
LP002234,0.2889125129010801,-0.5544873301529852,-0.21124124943736647,0.2732312961117544,0.41173269183271005,1,0,0,0,0,0,1,0,1
LP001275,-0.23188798229633673,-0.5544873301529852,-1.1393849116441879,-1.5908133240284363,0.41173269183271005,1,1,1,0,0,0,0,0,1
LP001875,-0.2143586796898178,0.6244318870090446,0.06244213813643986,0.2732312961117544,0.41173269183271005,1,0,0,0,0,0,0,0,0
LP001673,0.9168547268336686,-0.5544873301529852,-0.7467087468643788,0.2732312961117544,0.41173269183271005,1,0,0,0,0,0,1,0,1
LP002945,0.7469679342826396,-0.5544873301529852,0.40752119203384785,0.2732312961117544,0.41173269183271005,1,1,0,0,0,0,1,0,0
LP002732,-0.46746870330731044,0.14390345645707134,-0.23503980487856702,0.2732312961117544,0.41173269183271005,1,0,0,0,0,1,0,0,0
LP002502,-0.8508198070386584,0.4431649345588341,-0.5682195810553747,0.2732312961117544,0.41173269183271005,0,1,0,1,0,1,0,1,0
LP002894,-0.3665523443763231,-0.5544873301529852,-1.3059747997325917,0.2732312961117544,0.41173269183271005,0,1,0,0,0,0,0,1,0
LP001938,-0.16439197599833869,-0.5544873301529852,-0.22314052715796673,0.2732312961117544,-2.428760260810931,1,1,0,1,0,0,0,1,0
LP001255,-0.2708783937014909,-0.5544873301529852,-0.3897304152463706,2.1372759162519452,0.41173269183271005,1,0,0,0,0,0,0,0,1
LP001319,-0.3490230417698042,0.06797654429868126,-0.7705073023055794,0.2732312961117544,0.41173269183271005,1,1,0,1,0,1,0,0,1
LP001978,-0.22992207920027855,0.30054546442347974,-0.06844991679016317,0.2732312961117544,0.41173269183271005,1,0,0,0,0,0,0,0,0
LP001238,0.2779362206147552,-0.5544873301529852,-0.2469390825991673,-4.386880254238722,0.41173269183271005,1,1,0,0,1,1,1,0,1
LP001032,-0.07428808409567142,-0.5544873301529852,-0.2469390825991673,0.2732312961117544,0.41173269183271005,1,0,0,0,0,0,0,0,1
LP001711,-0.3233024762630428,-0.12697093286475275,-0.21124124943736647,0.2732312961117544,-2.428760260810931,1,1,0,0,1,0,0,1,0
LP001883,-0.325268379359101,-0.5544873301529852,-0.12794630539316454,0.2732312961117544,0.41173269183271005,0,0,0,0,0,0,0,0,0
LP001289,0.5181040488498647,-0.5544873301529852,0.7644995236518561,0.2732312961117544,0.41173269183271005,1,0,0,0,0,0,0,0,1
LP002652,0.06742076407852347,0.6993327598139429,1.966326573432484,0.2732312961117544,0.41173269183271005,1,0,0,0,0,0,0,0,0
LP001405,-0.5225139899969399,-0.07635299142582604,-0.7229101914231782,0.2732312961117544,0.41173269183271005,1,1,1,0,0,0,0,0,1
LP002272,-0.34853156599578966,-0.3889529811229816,-0.12794630539316454,0.2732312961117544,0.41173269183271005,1,1,0,1,0,0,0,1,0
LP002347,-0.35344632373593515,-0.0698547421870449,-0.09224847223136372,0.2732312961117544,0.41173269183271005,1,1,0,0,0,0,0,1,0
LP001098,-0.3118347082027033,0.015648537270601597,-0.3778311375257703,0.2732312961117544,0.41173269183271005,1,1,0,0,0,0,0,1,0
LP001002,0.07299082285068836,-0.5544873301529852,-0.21124124943736647,0.2732312961117544,0.41173269183271005,1,0,0,0,0,0,0,0,1
LP002964,-0.23205180755434157,-0.07190682089402842,0.1338378044600415,0.2732312961117544,0.41173269183271005,1,1,0,1,0,1,0,0,0
LP001610,0.01843701193507345,3.3102609013326365,4.155793674022934,0.2732312961117544,-2.428760260810931,1,1,0,0,1,0,0,1,0
LP002149,0.47993276373473476,0.5286682140164806,0.2290320262248437,0.2732312961117544,0.41173269183271005,1,1,0,1,0,0,0,0,0
LP002287,-0.6394852242124025,0.061136281942069534,-0.5087231924523733,0.2732312961117544,-2.428760260810931,0,0,0,0,0,0,0,1,0
LP002602,0.1440909848247931,0.9558425981868824,0.7526002459312559,0.2732312961117544,-2.428760260810931,1,0,0,0,0,0,0,0,0
LP001864,-0.07740076399776356,-0.5544873301529852,-0.21124124943736647,0.2732312961117544,0.41173269183271005,1,1,0,0,1,1,0,1,0
LP001047,-0.45927744040706797,0.09909973802126458,-0.3540325820845698,0.2732312961117544,-2.428760260810931,1,1,0,0,0,1,0,1,0
LP002459,-0.1806106765408188,-0.5544873301529852,-0.3302340266433692,0.2732312961117544,0.41173269183271005,1,1,0,0,0,0,0,0,1
LP001404,-0.36638851911831827,0.22632861785424258,0.09813997129824069,0.2732312961117544,0.41173269183271005,0,1,0,0,0,0,0,1,0
LP001310,0.047761733117941525,0.8706813318470665,0.34802480343084646,0.2732312961117544,0.41173269183271005,1,1,0,0,0,0,0,1,0
LP002898,-0.5772316261705597,-0.5544873301529852,-1.0084928567175848,0.2732312961117544,0.41173269183271005,1,1,1,0,0,0,0,0,0
LP002422,5.294101795465245,-0.5544873301529852,0.07434141585704014,0.2732312961117544,0.41173269183271005,1,0,1,0,0,0,0,1,0
LP001038,-0.08460907534997694,-0.5544873301529852,-0.1517448608343651,0.2732312961117544,0.41173269183271005,1,1,0,0,0,1,0,0,0
LP002226,-0.3391935262895132,0.30054546442347974,-0.21124124943736647,0.2732312961117544,0.41173269183271005,1,1,0,0,0,0,0,1,0
LP002434,-0.1231080109811166,-0.5544873301529852,-0.4254282484081714,0.2732312961117544,0.41173269183271005,1,1,0,1,0,1,0,0,0
LP001508,1.0408704471433399,-0.5544873301529852,0.49081613607804975,-2.5228356340985316,0.41173269183271005,1,1,0,1,0,0,0,0,1
LP001936,-0.3814604428547644,0.2718163625257105,-0.08034919451076344,0.2732312961117544,0.41173269183271005,1,1,0,0,0,0,0,0,0
LP002142,0.015815807806995857,-0.5544873301529852,-0.4849246370111728,0.2732312961117544,-2.428760260810931,0,1,0,0,0,0,1,0,0
LP002788,-0.483195928075776,0.24342927374577186,0.41942046975444813,0.2732312961117544,-2.428760260810931,1,1,0,0,0,1,0,0,1
LP002950,-0.4111128145536422,0.4004132948300108,0.11003924901884096,0.2732312961117544,0.41173269183271005,1,1,0,0,0,1,0,0,0
LP001868,-0.5477430797296867,0.2010196471347792,-0.13984558311376483,0.2732312961117544,0.41173269183271005,1,0,0,0,0,0,0,1,0
LP002587,-0.45927744040706797,0.026934970159010935,-0.46112608156997226,0.2732312961117544,0.41173269183271005,1,1,0,0,0,1,0,0,0
LP002716,0.2260036138272179,-0.5544873301529852,-0.18744269399616592,0.2732312961117544,0.41173269183271005,1,0,0,0,0,1,0,1,0
LP002335,-0.5331626317672551,0.5526091322646216,0.38372263659264727,0.2732312961117544,-2.428760260810931,0,1,0,0,0,1,0,1,0
LP001578,-0.48565330694584874,0.5854423915763578,-0.19934197171676618,0.2732312961117544,0.41173269183271005,1,1,0,0,0,0,0,0,0
LP001186,0.9987673558360934,-0.5544873301529852,1.6688446304174769,0.2732312961117544,-2.428760260810931,0,1,1,0,0,0,1,0,1
LP001825,-0.588863219488904,0.08439317395454939,-0.6634138028201769,0.2732312961117544,0.41173269183271005,1,1,0,0,0,0,0,0,1
LP001138,0.04022577124971845,-0.5544873301529852,-1.2107805779677896,0.2732312961117544,0.41173269183271005,1,1,1,0,0,0,0,0,1
LP001322,-0.20813331988563355,-0.5544873301529852,-0.2826369157609681,0.2732312961117544,0.41173269183271005,1,0,0,0,0,0,0,1,0
LP001892,-0.421106155291938,0.08063102965841293,-0.23503980487856702,0.2732312961117544,0.41173269183271005,1,0,0,0,0,0,0,0,0
LP001379,-0.26268713080124845,0.6767598940371243,0.8358951899754578,0.2732312961117544,-2.428760260810931,1,1,0,1,0,0,0,0,1
LP001910,-0.2212393405260215,0.27523649370401637,0.1457370821806418,0.2732312961117544,-2.428760260810931,1,0,1,0,0,1,1,0,1
LP001665,-0.3732691799545219,0.32893255320341835,0.2885284148278451,0.2732312961117544,0.41173269183271005,1,1,1,0,0,0,0,1,0
LP002990,-0.13441195378345122,-0.5544873301529852,-0.1517448608343651,0.2732312961117544,-2.428760260810931,0,0,0,0,0,0,1,1,0
LP002586,-0.34034030309554714,-0.24222935357366024,-0.4849246370111728,-4.014071330210684,0.41173269183271005,0,1,1,0,0,0,0,1,0
LP002447,-0.5644532560461814,-0.05651623059165205,-1.0203921344381852,-0.6587910139583409,0.41173269183271005,1,1,0,1,0,1,0,0,1
LP001811,-0.3272342824551592,0.956184611304713,-0.2707376380403678,0.2732312961117544,0.41173269183271005,1,1,0,0,0,1,0,1,0
LP002265,-0.5587193720160116,0.0012839863217169861,-0.3897304152463706,-2.5228356340985316,0.41173269183271005,1,1,0,1,0,1,0,1,0
LP002002,-0.40734483361953067,-0.5544873301529852,-0.7348094691437785,0.2732312961117544,0.41173269183271005,0,0,0,0,0,0,0,1,0
LP002315,0.4745265302205747,-0.5544873301529852,0.07434141585704014,-0.6587910139583409,-2.428760260810931,1,1,1,0,0,0,0,1,0
LP002855,1.8450886386891463,-0.5544873301529852,1.537952575490874,0.2732312961117544,0.41173269183271005,1,1,0,1,0,0,0,0,1
LP001872,-0.03890182836662391,-0.5544873301529852,-0.21124124943736647,0.2732312961117544,0.41173269183271005,1,0,0,0,0,0,1,1,0
LP002547,2.1181853437832308,-0.5544873301529852,4.215290062625936,0.2732312961117544,0.41173269183271005,1,1,1,0,0,0,0,0,1
LP001241,-0.18077450179882365,-0.5544873301529852,-0.11604702767256427,0.2732312961117544,-2.428760260810931,0,0,0,0,0,0,0,1,0
LP002772,-0.47140050949942686,0.05532205893894957,-0.00895352818716179,0.2732312961117544,0.41173269183271005,1,0,0,0,0,0,0,0,0
LP002342,-0.6231026984119176,6.285775026458735,1.1095785775492641,0.2732312961117544,0.41173269183271005,1,1,0,1,0,0,1,0,1
LP001925,-0.45927744040706797,0.032749193162130895,-0.5563203033347744,-0.6587910139583409,0.41173269183271005,0,0,0,0,0,0,1,1,0
LP002738,-0.29266715301613594,-0.5544873301529852,-0.46112608156997226,0.2732312961117544,0.41173269183271005,1,0,0,1,0,0,0,1,0
LP002741,-0.13031632233333,0.4185399900750319,-0.06844991679016317,-2.5228356340985316,0.41173269183271005,0,1,1,0,0,0,0,1,0
LP001955,-0.06609682119542894,0.31456800225453374,0.06244213813643986,2.1372759162519452,0.41173269183271005,0,0,0,0,0,0,0,0,0
LP001520,-0.08903235731610788,-0.2706164423535989,-0.2469390825991673,0.2732312961117544,0.41173269183271005,1,1,0,0,0,0,0,1,0
LP001439,-0.18077450179882365,0.13432708915781494,0.5741110801222516,0.2732312961117544,0.41173269183271005,1,1,0,0,0,1,0,0,0
LP002418,-0.11409762179084987,0.12714481368337263,0.026744304974639036,0.2732312961117544,0.41173269183271005,1,0,0,0,1,1,0,1,0
LP002536,-0.3781839376946674,-0.5544873301529852,-0.3897304152463706,0.2732312961117544,0.41173269183271005,1,1,0,0,1,1,0,0,0
LP001640,5.52804426389617,1.0700749795422981,-0.3064354712021687,0.2732312961117544,0.41173269183271005,1,1,0,0,0,0,1,1,0
LP001819,0.1973341936763692,-0.5544873301529852,-0.10414774995196399,-2.5228356340985316,0.41173269183271005,1,1,1,0,0,1,0,0,1
LP001963,-0.5552790415979099,0.44590103950147875,-0.3897304152463706,0.2732312961117544,0.41173269183271005,1,1,1,0,0,0,0,0,1
LP002705,-0.2667827622513697,-0.5544873301529852,-0.4254282484081714,0.2732312961117544,0.41173269183271005,1,1,0,0,0,0,0,1,0
LP001891,0.9407732145023766,-0.5544873301529852,-0.11604702767256427,0.2732312961117544,0.41173269183271005,1,1,0,0,0,0,0,0,1
LP001907,1.5038406262650446,-0.5544873301529852,3.4537362885075185,0.2732312961117544,0.41173269183271005,1,1,0,0,0,0,0,1,0
LP001095,-0.36638851911831827,-0.5544873301529852,-0.8538022463497813,0.2732312961117544,0.41173269183271005,1,0,0,0,0,0,0,0,1
LP002928,-0.3937473372051281,0.6138294803562965,-1.0679892453205864,-2.5228356340985316,0.41173269183271005,1,1,0,0,0,0,0,1,0
LP002692,0.044812878473854234,-0.0674606503622308,-0.5444210256141742,0.2732312961117544,0.41173269183271005,1,1,0,0,1,0,1,0,0
LP002888,-0.3639311402482455,0.4431649345588341,0.1814349153424426,0.2732312961117544,0.41173269183271005,1,0,0,0,0,0,0,0,1
LP002515,-0.3200259711029458,0.15655794181680302,0.1933341930630429,0.2732312961117544,0.41173269183271005,1,1,1,0,0,0,1,1,0
LP002960,-0.4920424920080379,0.7451625176032415,-0.21124124943736647,-2.5228356340985316,0.41173269183271005,1,1,0,0,0,1,0,0,1
LP001398,-0.05790555829518646,-0.5544873301529852,-0.3302340266433692,0.2732312961117544,0.41173269183271005,1,0,0,0,0,0,0,1,0
LP001688,-0.3118347082027033,-0.18408712354246062,-0.12794630539316454,0.2732312961117544,0.41173269183271005,1,1,1,0,0,1,0,0,1
LP001498,0.0022183113925933404,-0.5544873301529852,0.26472985938664456,0.2732312961117544,0.41173269183271005,1,0,0,0,0,0,0,0,1
LP002138,-0.4551818089569467,1.5830946562881771,0.49081613607804975,0.2732312961117544,0.41173269183271005,1,1,0,0,0,0,0,0,0
LP001014,-0.38784962791695354,0.30191351689480206,0.1457370821806418,0.2732312961117544,-2.428760260810931,1,1,0,0,1,0,0,1,0
LP002729,0.957811041334881,-0.5544873301529852,0.5979096355634522,0.2732312961117544,0.41173269183271005,1,0,1,0,0,0,0,1,0
LP001041,-0.45927744040706797,0.6425585822540657,-0.36593185980517007,0.2732312961117544,0.41173269183271005,1,1,0,0,0,0,0,0,1
LP001586,-0.30823055252659665,-0.5544873301529852,-0.7705073023055794,-2.5228356340985316,0.41173269183271005,1,1,0,0,1,1,0,0,0
LP002501,1.8493480953972723,-0.5544873301529852,-0.4254282484081714,0.2732312961117544,0.41173269183271005,1,1,0,0,0,0,0,1,0
LP001195,-0.5359476611533376,-0.010344459684522937,-0.5920181364965753,0.2732312961117544,0.41173269183271005,1,1,0,0,0,0,0,1,0
LP002043,-0.3051178726245045,-0.5544873301529852,-0.4016296929669709,0.2732312961117544,0.41173269183271005,0,0,1,0,0,0,0,1,0
LP002130,-0.3080667272685918,0.5502150404398075,0.07434141585704014,0.2732312961117544,-2.428760260810931,1,1,0,0,0,1,0,0,0
LP002961,-0.3282172340031883,0.30054546442347974,0.3242262479896459,0.2732312961117544,0.41173269183271005,1,1,1,0,0,0,0,1,0
LP002100,-0.421106155291938,-0.5544873301529852,-0.8895000795115822,0.2732312961117544,0.41173269183271005,1,0,0,0,0,0,0,0,1
LP002051,-0.4920424920080379,0.1866550961858946,-0.36593185980517007,0.2732312961117544,0.41173269183271005,1,1,0,0,0,0,0,1,0
LP001151,-0.22992207920027855,0.22359251291159787,-0.020852805907762065,0.2732312961117544,0.41173269183271005,0,0,0,0,0,0,0,1,0
LP001896,-0.24630460500076348,-0.5544873301529852,-0.6634138028201769,0.2732312961117544,0.41173269183271005,1,1,0,1,0,0,0,1,0
LP001066,0.6809463553066852,-0.5544873301529852,0.5384132469604509,0.2732312961117544,0.41173269183271005,1,1,0,0,0,0,1,1,0
LP002244,-0.5030187842943628,0.27215837564354106,-0.11604702767256427,0.2732312961117544,0.41173269183271005,1,1,0,0,0,0,0,0,1
LP002958,-0.2830014627938498,0.916511089636365,0.31232697026904566,0.2732312961117544,0.41173269183271005,1,0,0,0,0,0,0,0,0
LP001736,-0.521367213190906,-0.5544873301529852,-1.0203921344381852,0.2732312961117544,-2.428760260810931,1,1,0,0,0,0,0,0,1
LP002387,-0.48794686055791664,0.24582336557058596,-0.03275208362836234,0.2732312961117544,0.41173269183271005,1,1,0,0,0,0,0,1,0
LP001990,-0.5575725952099777,-0.5544873301529852,-0.21124124943736647,0.2732312961117544,0.41173269183271005,1,0,0,0,0,1,0,0,1
LP001813,0.10591969970966313,0.9274555094069438,-0.3064354712021687,-2.5228356340985316,0.41173269183271005,1,0,0,0,0,0,1,0,1
LP002194,1.6964991296787477,-0.5544873301529852,-1.0798885230411865,0.2732312961117544,0.41173269183271005,0,0,0,0,0,0,1,1,0
LP001535,-0.35213572167189633,-0.5544873301529852,-1.1393849116441879,0.2732312961117544,0.41173269183271005,1,0,0,0,0,0,0,0,1
LP001448,3.014309505069758,-0.5544873301529852,2.6683839589479,0.2732312961117544,0.41173269183271005,1,1,0,0,1,0,0,0,0
LP002143,-0.48827451107392633,-0.3817707056485393,-0.18744269399616592,0.2732312961117544,0.41173269183271005,0,1,0,0,0,0,0,1,0
LP001392,0.33543888617445744,-0.5544873301529852,-0.21124124943736647,0.2732312961117544,0.41173269183271005,0,0,1,0,0,0,1,1,0
LP001594,0.04989146147200457,1.3693364576440608,0.49081613607804975,0.2732312961117544,0.41173269183271005,1,1,0,0,0,0,0,1,0
LP001197,-0.3337872927753532,0.19794152907430393,-0.12794630539316454,0.2732312961117544,0.41173269183271005,1,1,0,0,0,0,0,0,0
LP002098,-0.4043959789754433,-0.5544873301529852,-0.5682195810553747,0.2732312961117544,0.41173269183271005,1,0,0,0,0,0,0,1,0
LP001744,-0.39849826968726876,0.40007128171218026,-0.020852805907762065,0.2732312961117544,0.41173269183271005,1,0,0,0,0,0,0,1,0
LP001036,-0.31019645562265485,-0.5544873301529852,-0.8300036909085807,0.2732312961117544,-2.428760260810931,0,0,0,0,0,0,0,0,1
LP002161,-0.11147641766277228,-0.5544873301529852,-0.7705073023055794,0.2732312961117544,0.41173269183271005,0,0,1,0,0,0,0,1,0
LP001846,-0.3801498407907256,-0.5544873301529852,1.2999670210788685,0.2732312961117544,0.41173269183271005,0,0,0,0,1,0,0,0,0
LP002361,-0.5870611416508507,0.03343321939779207,-0.5444210256141742,0.2732312961117544,0.41173269183271005,1,1,0,0,0,0,0,0,1
LP002917,-0.5305414276391776,-0.5544873301529852,-0.9013993572321825,0.2732312961117544,0.41173269183271005,0,0,0,0,0,1,0,1,0
LP001653,-0.08493672586598665,-0.5544873301529852,-1.1631834670853884,0.2732312961117544,0.41173269183271005,1,0,0,0,0,1,0,0,0
LP002086,-0.17536826828466362,0.28378682164978103,-0.4254282484081714,0.2732312961117544,0.41173269183271005,0,1,0,0,0,0,0,0,1
LP002740,0.16604356939744294,-0.5544873301529852,0.1338378044600415,-2.5228356340985316,0.41173269183271005,1,1,0,0,1,0,0,0,0
LP002229,0.08806274658713453,0.8929121845060546,1.7878374076234798,0.2732312961117544,0.41173269183271005,1,0,0,0,0,0,0,1,0
LP001325,-0.2921756772421214,-0.5544873301529852,-1.4368668546591947,-3.4548579441686273,0.41173269183271005,1,0,0,0,0,1,0,1,0
LP001633,0.1632585400113605,1.925107774118763,0.40752119203384785,0.2732312961117544,-2.428760260810931,1,1,1,0,0,0,0,0,1
LP002116,-0.49564664768414457,-0.5544873301529852,-1.186982022526589,0.2732312961117544,0.41173269183271005,0,0,0,0,0,0,0,0,0
LP002113,-0.5854228890708022,-0.5544873301529852,-0.21124124943736647,0.2732312961117544,-2.428760260810931,0,0,0,0,1,1,0,0,1
LP002053,-0.17389384096261998,-0.4898468508830045,-0.2588383603197676,0.2732312961117544,0.41173269183271005,1,1,0,0,1,0,0,1,0
LP001011,0.0022183113925933404,0.8805997122641535,1.4427583537260718,0.2732312961117544,0.41173269183271005,1,1,0,1,0,0,1,0,1
LP001137,-0.3265789814231398,-0.5544873301529852,-0.6872123582613775,0.2732312961117544,0.41173269183271005,0,0,0,0,0,0,0,0,1
LP001974,-0.06609682119542894,-0.5544873301529852,-0.16364413855496537,0.2732312961117544,0.41173269183271005,0,0,0,0,0,0,0,0,0
LP002784,-0.47697056827159173,0.25779382469465645,-0.21124124943736647,0.2732312961117544,0.41173269183271005,1,1,1,0,0,1,0,0,0
LP002690,-0.4756599662075529,-0.5544873301529852,-1.0798885230411865,0.2732312961117544,0.41173269183271005,1,0,0,0,0,0,0,1,0
LP001034,-0.29610748343423776,-0.5544873301529852,-0.5444210256141742,-1.5908133240284363,0.41173269183271005,1,0,1,0,0,1,0,0,1
LP001146,-0.45190530379684973,0.6220377951842305,-0.3064354712021687,0.2732312961117544,-2.428760260810931,0,1,0,0,0,0,0,0,1
LP002936,-0.2530214405789623,0.5741559586879486,-0.044651361348962616,-2.5228356340985316,0.41173269183271005,1,1,0,0,0,0,0,0,0
LP002618,-0.22173081630003605,1.2588662205847816,-0.09224847223136372,0.2732312961117544,0.41173269183271005,1,1,1,0,0,1,0,0,0
LP001006,-0.4620624697931504,0.2519796016915365,-0.3064354712021687,0.2732312961117544,0.41173269183271005,1,1,0,0,0,1,0,0,1
LP002110,-0.025140506694216542,-0.3191823050855421,0.16953563762184234,0.2732312961117544,0.41173269183271005,1,1,1,0,0,0,0,0,0
LP002449,-0.47844499559363535,0.2889170184172398,-0.6634138028201769,-2.5228356340985316,-2.428760260810931,1,1,0,0,0,0,0,0,0
LP002209,-0.4324100980942726,-0.055490191238160284,-0.4254282484081714,0.2732312961117544,0.41173269183271005,0,0,0,0,0,0,0,0,1
LP002648,-0.5362753116693473,1.725372113305701,-0.9013993572321825,-2.5228356340985316,0.41173269183271005,1,1,0,0,0,0,0,1,0
LP002004,-0.40570658103948215,0.26805421822957404,-0.41352897068757116,0.2732312961117544,0.41173269183271005,1,0,0,0,0,1,0,1,0
LP001751,-0.3527910227039157,-0.5544873301529852,0.2885284148278451,0.2732312961117544,0.41173269183271005,1,1,0,0,0,0,0,0,0
LP001068,-0.4266762140641029,0.216068224319325,-0.2826369157609681,0.2732312961117544,0.41173269183271005,1,1,0,0,0,0,0,1,0
LP002403,0.8211807761588364,-0.5544873301529852,0.49081613607804975,0.2732312961117544,-2.428760260810931,1,0,0,0,0,0,1,0,1
LP001871,0.29431874641524014,-0.5544873301529852,-0.3064354712021687,0.2732312961117544,0.41173269183271005,0,0,0,0,0,0,0,0,0
LP001155,-0.5693680137863268,0.00778223556049812,-0.5444210256141742,0.2732312961117544,0.41173269183271005,0,1,0,0,0,1,0,1,0
LP001761,0.1632585400113605,-0.5544873301529852,0.6455067464458534,0.2732312961117544,0.41173269183271005,1,0,0,0,0,0,1,0,0
LP001112,-0.28447589011589347,-0.055490191238160284,-0.020852805907762065,0.2732312961117544,0.41173269183271005,0,1,0,0,0,0,0,1,0
LP001543,0.6773421996305785,-0.5544873301529852,0.49081613607804975,0.2732312961117544,0.41173269183271005,1,1,1,0,0,0,0,0,1
LP001788,-0.3178962427488828,-0.5544873301529852,-0.2826369157609681,0.2732312961117544,0.41173269183271005,0,0,0,0,0,0,1,0,1
LP002925,-0.10705313569664134,-0.5544873301529852,-0.6158166919377758,0.2732312961117544,0.41173269183271005,1,0,0,0,0,0,0,1,0
LP001606,-0.31232618397671785,0.11722643326628564,-0.3540325820845698,0.2732312961117544,0.41173269183271005,1,1,0,0,0,0,0,0,0
LP002659,-0.3174047669748682,0.6179336377702636,0.05054286041583959,0.2732312961117544,0.41173269183271005,1,1,0,0,1,0,0,0,0
LP002624,2.5277484887953547,1.7257141264235314,3.9773045082139302,0.2732312961117544,0.41173269183271005,1,1,0,0,0,0,0,0,1
LP001664,-0.19863145492135226,-0.5544873301529852,-0.3064354712021687,0.2732312961117544,0.41173269183271005,1,0,0,0,0,0,0,0,0
LP002682,-0.3816242681127693,0.061136281942069534,-0.2707376380403678,0.2732312961117544,-2.428760260810931,1,1,0,0,0,1,0,1,0
LP002106,0.016307283581010405,0.9811515689063458,-0.9013993572321825,0.2732312961117544,0.41173269183271005,1,1,0,0,0,0,1,1,0
LP002933,0.6476898279317007,-0.5544873301529852,1.7402402967410786,0.2732312961117544,0.41173269183271005,1,0,0,0,1,0,1,1,0
LP002693,0.41686003940286764,1.8963786722209939,3.9773045082139302,0.2732312961117544,0.41173269183271005,1,1,0,1,0,0,1,0,0
LP001233,0.8758984123324562,-0.5544873301529852,1.9782258511530841,0.2732312961117544,0.41173269183271005,1,1,1,0,0,0,0,0,1
LP002087,-0.4756599662075529,-0.5544873301529852,-0.9370971903939832,0.2732312961117544,0.41173269183271005,0,0,0,0,0,0,0,0,1
LP001579,-0.5187460090628284,-0.5544873301529852,-0.9846943012763844,2.1372759162519452,-2.428760260810931,1,0,0,0,0,0,0,1,0
LP002103,0.7256706507420091,0.07242271483047887,0.43131974747504837,-2.5228356340985316,0.41173269183271005,1,1,1,0,0,0,1,0,1
LP001565,-0.37916688924269654,-0.11671053932983518,-0.2945361934815684,0.2732312961117544,-2.428760260810931,1,1,1,0,0,0,0,1,0
LP001998,0.3708251419035049,-0.5544873301529852,0.4670175806368492,0.2732312961117544,0.41173269183271005,1,1,0,1,0,1,0,0,0
LP001658,-0.25318526583696715,-0.5544873301529852,-0.8300036909085807,0.2732312961117544,0.41173269183271005,1,0,0,0,0,0,0,1,0
LP001531,0.6163992036527745,-0.5544873301529852,1.1690749661522655,0.2732312961117544,0.41173269183271005,1,0,0,0,0,0,0,0,1
LP002151,-0.2504002364508847,-0.5544873301529852,-0.9370971903939832,0.2732312961117544,0.41173269183271005,1,1,1,0,0,0,0,0,1
LP002424,0.31610750572988516,2.2955079807292877,0.34802480343084646,-0.6587910139583409,0.41173269183271005,1,1,0,0,0,0,0,0,0
LP002606,-0.36769912118235704,-0.5544873301529852,-0.5444210256141742,0.2732312961117544,0.41173269183271005,0,0,0,0,0,0,0,1,0
LP002720,-0.1838871817009158,-0.5544873301529852,-0.5444210256141742,0.2732312961117544,0.41173269183271005,1,1,0,0,1,0,0,0,1
LP001356,-0.1231080109811166,0.6709456710340044,-0.21124124943736647,0.2732312961117544,0.41173269183271005,1,1,0,0,0,0,0,1,0
LP002301,0.3338006335944089,-0.5544873301529852,0.5741110801222516,0.2732312961117544,0.41173269183271005,0,0,0,0,0,0,1,0,0
LP001253,-0.02251930256613895,0.052243940878474296,0.49081613607804975,0.2732312961117544,0.41173269183271005,1,1,0,0,1,0,1,1,0
LP002398,-0.5696956643023365,0.07857895095142942,-1.1393849116441879,0.2732312961117544,0.41173269183271005,1,0,0,0,0,0,0,1,0
LP002931,0.09772843680942066,-0.5544873301529852,0.7050031350488547,-1.5908133240284363,0.41173269183271005,1,1,0,1,0,0,1,1,0
LP001422,0.8198701740947977,-0.5544873301529852,1.3475641319612697,0.2732312961117544,0.41173269183271005,0,0,0,0,0,0,0,0,1
LP002288,-0.4119319408436664,-0.5544873301529852,-1.1988813002471892,-2.5228356340985316,-2.428760260810931,1,1,0,1,0,1,0,0,1
LP002362,0.30251000931548266,0.015648537270601597,-0.4254282484081714,0.2732312961117544,-2.428760260810931,1,1,1,0,0,0,0,0,1
LP002588,-0.12753129294724755,0.4226441474889989,-0.41352897068757116,-5.132498102294799,0.41173269183271005,1,1,0,0,0,0,0,0,1
LP001698,-0.23401771065039978,0.3111478710762279,-1.0798885230411865,0.2732312961117544,0.41173269183271005,1,0,0,0,0,1,0,0,0
LP002128,-0.4620624697931504,0.2424032343922801,-0.2469390825991673,0.2732312961117544,0.41173269183271005,1,1,0,1,0,0,0,0,0
LP002180,0.23239279888940703,-0.5544873301529852,-0.05655063906956289,0.2732312961117544,0.41173269183271005,1,0,0,0,0,0,1,0,0
LP002141,-0.4484649733787479,0.15792599428812537,-0.6039174142171756,0.2732312961117544,0.41173269183271005,1,1,0,0,1,0,0,0,0
LP002697,-0.11852090375698081,0.15929404675944772,-0.21124124943736647,0.2732312961117544,0.41173269183271005,1,0,0,0,0,0,0,1,0
LP001018,-0.22893912765224944,-0.03257531234351103,0.26472985938664456,0.2732312961117544,0.41173269183271005,1,1,0,1,0,0,0,0,1
LP002255,0.6165630289107793,-0.5544873301529852,0.4670175806368492,0.2732312961117544,0.41173269183271005,1,0,0,0,1,0,0,0,0
LP001109,-0.5857505395868119,-0.09960988343830587,-0.5444210256141742,0.2732312961117544,-2.428760260810931,1,1,0,0,0,0,0,0,1
LP001493,-0.19715702759930862,-0.06540857165524729,-0.19934197171676618,0.2732312961117544,0.41173269183271005,1,1,0,1,0,1,0,0,0
LP001843,-0.44928409966877214,1.8741478195620058,1.585549686373275,-2.5228356340985316,0.41173269183271005,1,1,1,0,0,1,0,1,0
LP001977,-0.6190070669617963,0.06216232129556129,-0.5920181364965753,0.2732312961117544,0.41173269183271005,1,1,1,0,0,0,0,0,1
LP002300,-0.5636341297561571,-0.5544873301529852,-1.1036870784823871,0.2732312961117544,0.41173269183271005,0,0,0,0,0,1,0,1,0
LP001199,-0.3352617200973968,0.4233281737246601,-0.020852805907762065,0.2732312961117544,0.41173269183271005,1,1,0,1,0,1,0,0,1
LP001387,-0.40537893052347246,0.24342927374577186,-0.08034919451076344,0.2732312961117544,0.41173269183271005,0,1,0,0,0,0,0,1,0
LP002181,0.13311469253846817,-0.5544873301529852,-0.1517448608343651,0.2732312961117544,0.41173269183271005,1,0,0,0,0,1,0,0,0
LP002211,-0.09607684341031641,-0.23880922239535438,-0.3064354712021687,-2.5228356340985316,0.41173269183271005,1,1,0,0,0,0,0,0,1
LP002821,0.06496338520845074,-0.5544873301529852,-0.16364413855496537,0.2732312961117544,0.41173269183271005,1,0,0,0,0,1,1,1,0
LP001870,-0.31494738810479544,-0.5544873301529852,0.11003924901884096,-4.759689178266761,0.41173269183271005,0,0,1,0,0,0,0,1,0
LP002916,-0.5089164935825374,-0.03394336481483337,-0.49682391473177306,0.2732312961117544,0.41173269183271005,1,1,0,0,0,0,0,0,1
LP001954,-0.12081445736904871,-0.5544873301529852,-0.12794630539316454,0.2732312961117544,0.41173269183271005,0,1,1,0,0,0,0,0,1
LP001528,0.143108033276764,-0.5544873301529852,-0.3302340266433692,0.2732312961117544,-2.428760260810931,1,0,0,0,0,0,0,0,0
LP001877,-0.11393379653284502,-0.08011513572196248,0.05054286041583959,0.2732312961117544,0.41173269183271005,1,1,0,1,0,0,0,1,0
LP002717,-0.717302221764706,1.3265848179152375,0.8358951899754578,0.2732312961117544,0.41173269183271005,1,1,0,0,0,0,0,0,0
LP002753,-0.2869332689859662,-0.5544873301529852,-0.6039174142171756,0.2732312961117544,0.41173269183271005,0,0,1,0,0,0,0,1,0
LP001114,-0.2027270863714735,1.9114272494055395,0.45511830291624894,0.2732312961117544,0.41173269183271005,1,0,0,0,0,0,0,0,1
LP002435,-0.3054455231405142,-0.08387728001809892,-1.0798885230411865,0.2732312961117544,0.41173269183271005,1,1,0,0,0,0,0,0,0
LP001994,-0.4920424920080379,0.08268310836539645,-0.49682391473177306,0.2732312961117544,-2.428760260810931,0,0,0,0,0,0,0,0,1
LP001671,-0.3255960298751107,0.4086216096579449,-0.3897304152463706,0.2732312961117544,0.41173269183271005,0,1,0,0,0,0,0,1,0
LP002534,-0.17258323889858118,-0.5544873301529852,0.09813997129824069,0.2732312961117544,0.41173269183271005,0,0,0,0,0,1,0,0,0
LP002188,-0.04578248920282759,-0.5544873301529852,-0.2588383603197676,0.2732312961117544,-2.428760260810931,1,0,0,0,0,0,0,0,0
LP001516,1.550203174280417,-0.5544873301529852,-0.9013993572321825,0.2732312961117544,0.41173269183271005,0,1,0,1,0,0,0,0,1
LP002545,-0.3041349210764754,-0.5544873301529852,-0.7824065800261797,0.2732312961117544,-2.428760260810931,1,0,0,1,0,0,0,0,0
LP002757,-0.3909623078190457,-0.32773263303130673,-0.5206224701729736,0.2732312961117544,0.41173269183271005,0,1,0,0,0,1,0,1,0
LP001518,-0.6332598644082182,-0.06711863724440022,-1.3773704660561934,0.2732312961117544,0.41173269183271005,1,1,1,0,0,0,0,0,1
LP002390,-0.2708783937014909,-0.5544873301529852,-0.5444210256141742,0.2732312961117544,0.41173269183271005,1,0,0,0,0,0,0,0,1
LP002137,0.15228224772503557,1.0129587888645903,1.3475641319612697,0.2732312961117544,0.41173269183271005,1,1,0,0,0,0,0,1,0
LP002067,0.5344865746503497,1.1497640359968246,2.7397796252715017,0.2732312961117544,-2.428760260810931,1,1,1,0,0,0,1,0,0
LP002305,-0.14030966307162582,-0.5544873301529852,-0.36593185980517007,0.2732312961117544,0.41173269183271005,0,0,0,0,0,0,0,1,0
LP001432,-0.40079182329933666,-0.5544873301529852,-0.7705073023055794,0.2732312961117544,0.41173269183271005,1,1,0,1,0,0,0,1,0
LP002670,-0.5524940122118274,0.003678078146531088,-0.3897304152463706,2.1372759162519452,0.41173269183271005,0,1,0,1,0,0,0,1,0
LP001327,-0.4782811703356305,0.2328268670930237,-0.10414774995196399,0.2732312961117544,0.41173269183271005,0,1,0,0,0,0,0,1,0
LP001507,-0.4432225651225927,0.14116735151442666,-0.2826369157609681,0.2732312961117544,0.41173269183271005,1,1,0,0,0,0,0,1,0
LP001792,-0.3421423809336005,-0.5544873301529852,-0.5920181364965753,0.2732312961117544,0.41173269183271005,1,1,1,0,0,0,0,1,0
LP002789,-0.2965989592082523,0.9045406305122945,-0.16364413855496537,-2.5228356340985316,-2.428760260810931,1,1,0,0,0,0,0,0,0
LP001333,-0.5613405761440893,-0.213500251675891,-1.1393849116441879,0.2732312961117544,0.41173269183271005,1,1,0,0,0,0,0,1,0
LP002197,-0.03578914846453177,-0.5544873301529852,0.11003924901884096,0.2732312961117544,0.41173269183271005,1,1,0,1,0,0,0,1,0
LP002065,1.5721557588530668,-0.5544873301529852,1.835434518505881,0.2732312961117544,0.41173269183271005,1,1,0,0,1,0,0,0,0
LP001908,-0.21353955339979358,-0.5544873301529852,-0.2588383603197676,0.2732312961117544,0.41173269183271005,0,1,0,0,0,1,0,0,0
LP001945,0.0022183113925933404,-0.5544873301529852,-0.03275208362836234,2.1372759162519452,-2.428760260810931,0,0,0,0,0,0,0,0,1
LP002582,1.9428923177180415,-0.5544873301529852,0.9429886894608602,0.2732312961117544,0.41173269183271005,0,0,0,0,0,1,1,1,0
LP001431,-0.5351285348633134,2.5167904679656767,-0.10414774995196399,0.2732312961117544,-2.428760260810931,0,0,0,0,0,0,0,1,0
LP001637,4.659606571212462,-0.5544873301529852,1.3594634096818698,0.2732312961117544,0.41173269183271005,1,1,1,0,0,0,0,1,0
LP001682,-0.23123268126431734,-0.5544873301529852,-0.21124124943736647,-2.5228356340985316,0.41173269183271005,1,1,0,0,1,1,0,0,1
LP002055,-0.3665523443763231,0.4664218265713139,-0.16364413855496537,0.2732312961117544,0.41173269183271005,0,0,0,0,0,0,0,0,0
LP001814,0.7043733672013787,-0.5544873301529852,-0.4016296929669709,0.2732312961117544,0.41173269183271005,1,1,0,1,0,0,0,0,1
LP002386,1.2241909108507665,-0.5544873301529852,3.0848586791689097,0.2732312961117544,0.41173269183271005,1,0,0,0,0,0,0,1,0
LP002348,0.06971431769059137,-0.5544873301529852,-0.09224847223136372,0.2732312961117544,0.41173269183271005,1,1,0,0,0,0,0,0,0
LP002585,-0.2959436581762329,0.18323496500758873,-0.3183347489227689,0.2732312961117544,-2.428760260810931,1,1,0,0,0,0,0,0,0
LP002364,1.5524967278924848,-0.5544873301529852,-0.5920181364965753,0.2732312961117544,0.41173269183271005,1,1,0,0,0,0,0,1,0
LP002743,-0.5349647096053085,-0.5544873301529852,-0.5563203033347744,0.2732312961117544,-2.428760260810931,0,0,0,0,0,0,0,1,0
LP002297,-0.4756599662075529,6.285775026458735,-0.5087231924523733,0.2732312961117544,0.41173269183271005,1,0,0,0,0,0,0,1,0
LP001443,-0.2803802586657722,-0.5544873301529852,-0.6277159696583761,0.2732312961117544,0.41173269183271005,0,0,0,0,0,0,0,0,0
LP002768,-0.33509789483939195,-0.5544873301529852,-0.7824065800261797,-4.759689178266761,0.41173269183271005,1,0,0,0,0,1,0,1,0
LP002813,2.306748215746812,-0.5544873301529852,5.405217834685963,0.2732312961117544,0.41173269183271005,0,1,1,0,0,0,1,1,0
LP001749,0.35624469394107333,-0.2090540811440934,0.34802480343084646,0.2732312961117544,0.41173269183271005,1,1,0,0,0,0,0,1,0
LP002119,-0.13916288626559187,-0.13415320833919506,0.1457370821806418,0.2732312961117544,0.41173269183271005,1,1,1,0,0,1,0,0,1
LP001179,-0.1290057202692912,-0.5544873301529852,-0.13984558311376483,0.2732312961117544,0.41173269183271005,1,1,0,1,0,0,0,0,1
LP001734,-0.1835595311849061,0.26052992963730115,-0.22314052715796673,0.2732312961117544,0.41173269183271005,0,1,0,1,0,0,0,1,0
LP001465,0.11083445744980862,0.32414436955379017,0.43131974747504837,0.2732312961117544,0.41173269183271005,1,1,0,0,0,0,0,0,0
LP002792,0.010573399550840669,-0.2015297925518205,-1.4249675769385945,0.2732312961117544,0.41173269183271005,1,1,1,0,0,0,0,1,0
LP002314,-0.5226778152549447,-0.5544873301529852,-0.9489964681145835,0.2732312961117544,0.41173269183271005,0,0,0,0,0,1,0,0,0
LP002489,-0.03480619691650267,-0.5544873301529852,-0.16364413855496537,0.2732312961117544,0.41173269183271005,0,0,1,0,0,1,0,1,0
LP002795,0.7758011796914931,-0.5544873301529852,1.3594634096818698,0.2732312961117544,0.41173269183271005,1,1,0,0,1,0,1,1,0
LP002317,12.38462278717314,-0.5544873301529852,2.5493911817418975,0.2732312961117544,-2.428760260810931,1,1,0,0,1,0,0,0,0
LP002603,-0.7795558198065489,0.7051469828170629,-0.3897304152463706,2.1372759162519452,0.41173269183271005,0,0,0,0,0,0,0,0,0
LP002341,-0.45927744040706797,-0.5544873301529852,0.16953563762184234,0.2732312961117544,0.41173269183271005,0,0,1,0,0,0,0,0,1
LP002239,-0.5008890559402998,-0.007266341624047663,-0.16364413855496537,0.2732312961117544,0.41173269183271005,1,0,0,0,0,1,0,1,0
LP002938,1.7556400478184984,-0.5544873301529852,1.3594634096818698,0.2732312961117544,0.41173269183271005,1,1,0,0,0,0,1,0,1
LP001947,-0.49482752139412034,0.5857844046941885,0.31232697026904566,0.2732312961117544,0.41173269183271005,1,1,0,0,0,0,0,1,0
LP001882,-0.17536826828466362,0.06489842623820598,0.16953563762184234,0.2732312961117544,-2.428760260810931,1,1,0,0,1,0,0,0,1
LP002530,-0.414553144971744,0.08576122642587172,-0.16364413855496537,0.2732312961117544,-2.428760260810931,1,1,0,1,0,0,0,1,0
LP002370,-0.44010988522050054,-0.5544873301529852,-1.0203921344381852,-2.5228356340985316,0.41173269183271005,1,0,0,0,0,1,0,0,1
LP001391,-0.3000392896263542,0.8525546366020454,0.07434141585704014,0.2732312961117544,-2.428760260810931,1,1,0,0,0,1,0,0,0
LP001630,-0.5030187842943628,-0.05822629618080497,-0.5206224701729736,2.1372759162519452,-2.428760260810931,1,0,0,0,0,1,0,0,1
LP002984,0.35706382023109756,-0.5544873301529852,0.49081613607804975,0.2732312961117544,0.41173269183271005,1,1,0,1,0,0,0,0,1
LP002785,-0.3391935262895132,0.5570553027964192,0.1457370821806418,0.2732312961117544,0.41173269183271005,1,1,1,0,0,0,0,0,1
LP002494,0.09772843680942066,-0.5544873301529852,-0.06844991679016317,0.2732312961117544,0.41173269183271005,1,0,0,0,0,0,0,0,0
LP002205,-0.38359017120882744,0.12509273497638912,-0.41352897068757116,-2.5228356340985316,-2.428760260810931,1,0,1,0,0,0,0,0,1
LP002024,-0.48008324817368386,0.07584284600878473,0.15763635990124206,0.2732312961117544,0.41173269183271005,1,1,0,0,0,0,0,0,0
LP001529,-0.4630454213411795,0.7280618617117122,0.07434141585704014,0.2732312961117544,0.41173269183271005,1,1,0,0,0,0,1,0,0
LP002625,-0.2982372117883008,-0.5544873301529852,-0.5920181364965753,0.2732312961117544,0.41173269183271005,1,0,0,0,0,0,0,0,1
LP001776,0.47993276373473476,-0.5544873301529852,1.5974489640938754,0.2732312961117544,0.41173269183271005,0,0,0,0,0,0,0,1,0
LP001993,-0.26891249060543276,0.015306524152771011,-0.12794630539316454,0.2732312961117544,0.41173269183271005,0,0,0,0,0,0,0,0,0
LP002409,0.4091602522766397,0.07242271483047887,0.40752119203384785,0.2732312961117544,0.41173269183271005,1,1,0,0,0,0,0,0,0
LP001572,0.6421197691595358,-0.5544873301529852,-0.841902968629181,-2.5228356340985316,0.41173269183271005,1,1,0,0,0,0,0,0,1
LP002036,-0.5480707302456964,0.17536866329748527,-0.6872123582613775,0.2732312961117544,0.41173269183271005,1,1,0,0,0,0,0,0,1
LP001489,-0.13441195378345122,-0.5544873301529852,-0.7348094691437785,0.2732312961117544,0.41173269183271005,0,1,0,0,0,0,0,0,0
LP002318,-0.25171083851492354,-0.5544873301529852,-0.9965935789969846,0.2732312961117544,0.41173269183271005,0,0,1,0,0,1,1,1,0
LP001669,-0.5728083442044287,0.25437369351635064,-0.3064354712021687,0.2732312961117544,0.41173269183271005,0,0,0,0,0,1,0,0,1
LP002941,0.16047351062527804,-0.21247421232239924,0.49081613607804975,0.2732312961117544,0.41173269183271005,1,1,0,1,0,1,1,0,0
LP001859,1.5202231520655296,0.16374021729124533,1.8830316293882818,0.2732312961117544,0.41173269183271005,1,1,0,0,0,0,0,0,0
LP001770,-0.36278436344221154,0.33406274997087715,-0.3064354712021687,0.2732312961117544,0.41173269183271005,1,0,0,0,0,1,0,0,0
LP001401,1.5038406262650446,-0.5544873301529852,0.4670175806368492,-2.5228356340985316,0.41173269183271005,1,1,1,0,0,0,0,0,0
LP001426,0.04317462589380574,0.3576616551011876,0.40752119203384785,0.2732312961117544,0.41173269183271005,1,1,0,0,0,0,0,0,0
LP002560,-0.4430587398645879,0.3980192030051967,-0.5920181364965753,0.2732312961117544,0.41173269183271005,1,0,0,0,0,1,0,1,0
LP002219,0.5482478963227571,1.1542102065286222,-0.18744269399616592,0.2732312961117544,0.41173269183271005,1,1,0,0,1,0,0,0,0
LP002236,-0.13719698316953366,-0.5544873301529852,-0.5444210256141742,0.2732312961117544,0.41173269183271005,1,1,0,1,0,0,0,0,1
LP001750,0.13868475131063304,-0.5544873301529852,-0.21124124943736647,0.2732312961117544,0.41173269183271005,1,1,0,0,0,0,0,1,0
LP002893,-0.584439937522773,11.018210537880554,-0.6634138028201769,0.2732312961117544,0.41173269183271005,1,0,0,0,0,0,0,0,1
LP002519,-0.11671882591892746,-0.5544873301529852,-0.5444210256141742,0.2732312961117544,0.41173269183271005,1,1,0,0,1,0,0,1,0
LP002131,-0.3801498407907256,0.18699710930372518,-0.23503980487856702,0.2732312961117544,0.41173269183271005,1,1,0,1,0,1,0,0,1
LP001449,-0.25203848903093323,0.006414183089175776,-0.21124124943736647,0.2732312961117544,0.41173269183271005,1,0,0,0,0,0,0,0,0
LP002959,1.0806799848385182,-0.5544873301529852,4.167692951743534,0.2732312961117544,0.41173269183271005,0,1,1,0,0,0,0,1,0
LP002429,-0.3174047669748682,-0.1406514575779762,-0.18744269399616592,0.2732312961117544,0.41173269183271005,1,1,1,0,0,0,1,0,0
LP001924,-0.3678629464403619,0.48967871858379375,-0.6753130805407772,0.2732312961117544,0.41173269183271005,1,0,0,0,0,0,0,0,0
LP002833,-0.15341568371201378,-0.5544873301529852,-0.3064354712021687,0.2732312961117544,0.41173269183271005,1,1,0,0,0,1,0,0,0
LP001131,-0.23958776942256466,0.24445531309926363,-0.13984558311376483,0.2732312961117544,0.41173269183271005,1,1,0,0,0,0,0,1,0
LP001370,0.31610750572988516,-0.5544873301529852,-0.3064354712021687,0.2732312961117544,0.41173269183271005,1,0,0,0,0,1,0,0,0
LP002683,-0.11802942798296626,0.10046779049258692,0.4670175806368492,0.2732312961117544,0.41173269183271005,1,0,0,0,0,0,0,1,0
LP002541,0.8894959087468587,-0.5544873301529852,1.0500821889462626,0.2732312961117544,0.41173269183271005,1,1,0,0,0,0,0,1,0
LP001482,-0.31855154378090217,-0.5544873301529852,-1.4368668546591947,-3.4548579441686273,0.41173269183271005,1,1,0,0,0,0,1,1,0
LP002408,-0.2856226669219274,1.1774670985411022,0.49081613607804975,0.2732312961117544,0.41173269183271005,1,0,0,0,0,0,0,1,0
LP002640,0.10837707857973587,0.13090695797950908,1.2404706324758672,0.2732312961117544,0.41173269183271005,1,1,1,0,0,0,0,1,0
LP001136,-0.11606352488690806,-0.5544873301529852,-0.5920181364965753,0.2732312961117544,0.41173269183271005,1,1,0,0,0,1,1,0,1
LP001580,0.42537895281911986,-0.5544873301529852,0.6455067464458534,0.2732312961117544,0.41173269183271005,1,1,0,1,0,0,0,1,0
LP001225,0.052840316116091864,1.0170629462785572,1.3356648542406693,0.2732312961117544,0.41173269183271005,1,1,0,0,0,0,0,1,0
LP001917,-0.5885355689728943,0.015306524152771011,-1.0917878007617867,0.2732312961117544,0.41173269183271005,0,0,0,0,0,0,0,0,1
LP001279,-0.4976125507802028,0.3111478710762279,-0.11604702767256427,0.2732312961117544,0.41173269183271005,1,0,0,0,0,0,0,1,0
LP001806,-0.3994812212352979,1.3953294545991854,0.11003924901884096,-4.386880254238722,0.41173269183271005,1,0,0,0,0,0,0,0,1
LP001641,-0.5284116992851144,-0.5544873301529852,-0.9489964681145835,-0.6587910139583409,-2.428760260810931,1,1,1,0,0,0,1,0,0
LP002068,-0.07969431760983145,-0.5544873301529852,-0.18744269399616592,0.2732312961117544,-2.428760260810931,1,0,0,0,0,0,0,0,0
LP001552,-0.13441195378345122,1.3693364576440608,1.2999670210788685,0.2732312961117544,0.41173269183271005,1,1,0,0,0,0,0,1,0
LP001028,-0.38178809337077413,2.2178710029817448,0.6455067464458534,0.2732312961117544,0.41173269183271005,1,1,0,1,0,0,0,0,1
LP001106,-0.512520649258644,0.152453784402836,-0.21124124943736647,0.2732312961117544,0.41173269183271005,1,1,0,0,0,0,0,0,1
LP001086,-0.6489870891766838,-0.5544873301529852,-1.317874077453192,0.2732312961117544,0.41173269183271005,1,0,0,0,0,1,0,0,1
LP001581,-0.5870611416508507,0.05053387528932137,-0.6039174142171756,0.2732312961117544,0.41173269183271005,1,1,0,0,0,1,0,0,0
LP001504,0.25336243191402774,-0.5544873301529852,0.34802480343084646,-2.5228356340985316,0.41173269183271005,1,0,0,0,0,0,1,1,0
LP001786,0.056116821276188854,-0.5544873301529852,1.2999670210788685,0.2732312961117544,0.41173269183271005,1,1,0,0,0,0,0,0,1
LP002533,-0.4024300758793852,-0.0062403022705559055,-0.21124124943736647,0.2732312961117544,0.41173269183271005,1,1,0,1,0,0,0,0,1
LP002643,-0.3473847891897557,0.14150936463225725,0.026744304974639036,0.2732312961117544,0.41173269183271005,1,1,0,1,0,0,0,0,1
LP001743,-0.22844765187823488,0.032749193162130895,-0.3540325820845698,0.2732312961117544,0.41173269183271005,1,1,0,1,0,0,0,1,0
LP002794,-0.44830114812074306,0.0012839863217169861,-0.7348094691437785,0.2732312961117544,0.41173269183271005,0,0,0,0,0,0,0,0,1
LP001326,0.22583978856921302,-0.5544873301529852,-0.21124124943736647,0.2732312961117544,0.41173269183271005,1,0,0,0,0,0,0,0,1
LP001157,-0.3796583650167111,-0.5544873301529852,-0.3064354712021687,0.2732312961117544,0.41173269183271005,0,0,0,0,0,0,0,1,0
LP001798,0.06807606511054287,1.1555782589999446,-0.3064354712021687,0.2732312961117544,0.41173269183271005,1,1,0,1,0,0,0,0,0
LP002723,-0.2974180854982766,-0.5544873301529852,-0.4254282484081714,0.2732312961117544,-2.428760260810931,1,0,0,1,0,0,0,0,0
LP002140,0.5482478963227571,0.8706813318470665,1.930628740270683,0.2732312961117544,0.41173269183271005,1,0,0,0,0,0,0,0,0
LP002714,-0.44633524502468486,-0.10918625073756229,-0.6158166919377758,0.2732312961117544,0.41173269183271005,1,0,1,0,0,1,0,1,0
LP001616,-0.2708783937014909,-0.5544873301529852,-0.3540325820845698,0.2732312961117544,0.41173269183271005,1,1,1,0,0,0,0,1,0
LP002478,-0.5439750987955752,0.8419522299492973,0.16953563762184234,0.2732312961117544,0.41173269183271005,1,1,0,0,0,0,1,1,0
LP002739,-0.40734483361953067,-0.3711682989957912,-0.9489964681145835,0.2732312961117544,0.41173269183271005,1,1,0,0,0,1,0,0,0
LP001120,-0.5903376468109477,-0.13962541822448443,-1.1750827448059888,0.2732312961117544,0.41173269183271005,1,0,0,0,0,0,0,0,1
LP002837,-0.3282172340031883,0.30054546442347974,-0.2707376380403678,0.2732312961117544,-2.428760260810931,1,1,0,0,1,0,0,0,0
LP002731,2.0906627004384157,-0.5544873301529852,-0.2469390825991673,0.2732312961117544,0.41173269183271005,0,0,0,0,0,1,1,0,1
LP001693,-0.35377397425194484,-0.5544873301529852,-0.7824065800261797,0.2732312961117544,0.41173269183271005,0,0,0,0,0,0,0,0,1
LP002263,-0.4620624697931504,0.16887041405870412,-0.3064354712021687,0.2732312961117544,0.41173269183271005,1,1,0,0,0,0,0,0,1
LP001915,-0.5082611925505179,-0.21733080276815359,-0.8062051354673803,-2.5228356340985316,0.41173269183271005,1,1,0,1,0,0,0,0,1
LP002158,-0.3937473372051281,0.015306524152771011,-0.5444210256141742,2.1372759162519452,-2.428760260810931,1,1,0,0,0,1,0,0,1
LP002281,-0.3883411036909681,-0.055490191238160284,-0.6039174142171756,0.2732312961117544,0.41173269183271005,1,1,0,0,0,0,0,0,1
LP001844,1.7769373313591288,-0.5544873301529852,0.5503125246810512,0.2732312961117544,-2.428760260810931,1,0,0,0,0,0,1,0,1
LP001726,-0.2746463746356025,0.052585953996304884,-0.17554341627556563,0.2732312961117544,0.41173269183271005,1,1,0,0,0,0,0,1,0
LP001008,0.09772843680942066,-0.5544873301529852,-0.05655063906956289,0.2732312961117544,0.41173269183271005,1,0,0,0,0,0,0,0,1
LP001849,0.10510057341963888,-0.5544873301529852,-0.36593185980517007,0.2732312961117544,-2.428760260810931,1,0,0,0,0,1,0,0,0
LP002872,-0.37949453975870623,0.2013616602526098,-0.11604702767256427,0.2732312961117544,-2.428760260810931,1,1,0,0,0,0,0,1,0
LP002767,-0.4317547970622532,0.11243824961665744,0.11003924901884096,0.2732312961117544,0.41173269183271005,1,1,0,0,0,0,0,0,0
LP002377,0.527605913814146,-0.5544873301529852,0.05054286041583959,0.2732312961117544,0.41173269183271005,0,0,1,0,0,0,1,1,0
LP001345,-0.18274040489488186,0.5615014733282169,-0.1517448608343651,-2.5228356340985316,0.41173269183271005,1,1,0,1,0,1,0,0,1
LP001754,-0.10951051456671408,-0.5544873301529852,-0.09224847223136372,0.2732312961117544,0.41173269183271005,1,1,0,0,0,1,1,0,1
LP002443,-0.3380467494834793,0.030355101337316795,0.05054286041583959,0.2732312961117544,-2.428760260810931,1,1,0,1,0,0,0,0,0
LP002804,-0.20043353275940562,0.23419491956434604,0.43131974747504837,0.2732312961117544,0.41173269183271005,0,1,0,0,0,0,0,1,0
LP002912,-0.1835595311849061,0.4715520233387727,0.31232697026904566,-4.014071330210684,0.41173269183271005,1,1,1,0,0,0,0,0,0
LP001715,0.04907233518198032,-0.5544873301529852,-0.18744269399616592,0.2732312961117544,0.41173269183271005,1,1,0,0,1,1,1,0,0
LP002160,-0.03873800310861906,0.5286682140164806,0.6455067464458534,0.2732312961117544,0.41173269183271005,1,1,0,0,1,0,0,1,0
LP001585,7.594863718885352,-0.5544873301529852,6.59514560674599,-0.6587910139583409,0.41173269183271005,1,1,0,0,1,0,0,0,1
LP001334,-0.19912293069536682,-0.5544873301529852,-0.36593185980517007,-2.5228356340985316,0.41173269183271005,1,1,0,0,0,1,0,1,0
LP001940,-0.3686820727303861,-0.0209468663372711,-0.13984558311376483,0.2732312961117544,0.41173269183271005,1,1,0,1,0,0,0,0,1
LP001720,-0.254495867901006,-0.21828843532551923,-0.5444210256141742,0.2732312961117544,0.41173269183271005,1,1,0,0,1,1,0,1,0
LP001206,-0.38899640472298747,-0.5544873301529852,-0.5563203033347744,0.2732312961117544,0.41173269183271005,1,1,0,0,1,0,0,0,1
LP002308,-0.5302137771231679,0.2663441526404211,-0.36593185980517007,0.2732312961117544,0.41173269183271005,1,1,0,0,0,1,0,0,1
LP002615,-0.08821323102608364,1.3689944445262303,0.7407009682106556,0.2732312961117544,0.41173269183271005,1,1,0,1,0,0,0,1,0
LP001144,0.06840371562655258,-0.5544873301529852,-0.020852805907762065,0.2732312961117544,0.41173269183271005,1,1,0,0,0,0,0,0,1
LP001097,-0.11655500066092261,-0.5544873301529852,-0.4730253592905725,0.2732312961117544,0.41173269183271005,1,0,1,0,0,0,1,0,0
LP001674,-0.45927744040706797,0.30054546442347974,-0.6634138028201769,0.2732312961117544,0.41173269183271005,1,1,1,0,0,1,0,1,0
LP001487,-0.08329847328593815,-0.5544873301529852,-0.5206224701729736,0.2732312961117544,0.41173269183271005,1,0,0,0,0,0,0,1,0
LP001073,-0.19289757089118253,-0.19879368760917582,-0.4254282484081714,0.2732312961117544,0.41173269183271005,1,1,0,1,0,1,0,0,1
LP002734,0.11951719612406565,0.7814159080932835,2.1210171838002876,0.2732312961117544,0.41173269183271005,1,1,0,0,0,0,0,0,1
LP001765,-0.4771343935295966,0.14800761387103836,-0.49682391473177306,0.2732312961117544,0.41173269183271005,1,1,1,0,0,0,0,1,0
LP002556,-0.4863086079778681,-0.5544873301529852,-0.841902968629181,0.2732312961117544,0.41173269183271005,1,0,0,0,0,0,0,0,1
LP002224,-0.3824433944027935,-0.5544873301529852,-0.8895000795115822,2.1372759162519452,0.41173269183271005,1,0,0,0,0,0,0,0,1
LP001931,-0.2096077472076772,-0.5544873301529852,-0.36593185980517007,0.2732312961117544,0.41173269183271005,0,0,0,0,0,0,0,1,0
LP002345,-0.717302221764706,0.3939150455912297,-0.4016296929669709,0.2732312961117544,0.41173269183271005,1,1,0,0,0,0,0,0,0
LP002262,0.6717721408584136,-0.5544873301529852,1.537952575490874,0.2732312961117544,0.41173269183271005,1,1,0,0,1,0,0,0,0
LP002600,-0.41094898929563733,-0.5544873301529852,-0.6039174142171756,0.2732312961117544,0.41173269183271005,1,1,1,0,0,0,1,1,0
LP001492,1.571991933595062,-0.5544873301529852,1.145276410711065,0.2732312961117544,-2.428760260810931,1,0,0,0,0,0,0,1,0
LP001207,-0.4578030130850243,0.6251159132447058,0.2290320262248437,-2.5228356340985316,-2.428760260810931,1,1,0,0,0,1,1,0,0
LP002517,-0.4505947017328109,-0.04146765340710626,-0.3897304152463706,-2.5228356340985316,-2.428760260810931,1,1,1,0,0,1,0,0,0
LP001451,0.8370718261853068,0.7622631734947707,0.16953563762184234,-2.5228356340985316,-2.428760260810931,1,1,1,0,0,0,1,0,1
LP002943,-0.39587706555919117,-0.5544873301529852,-0.6872123582613775,0.2732312961117544,-2.428760260810931,1,0,0,0,0,0,0,1,0
LP002689,-0.5261181456730466,0.041299521107895545,-1.1988813002471892,0.2732312961117544,0.41173269183271005,1,1,0,1,0,1,0,1,0
LP001222,-0.2027270863714735,-0.5544873301529852,-0.3540325820845698,0.2732312961117544,-2.428760260810931,0,0,0,0,0,0,0,1,0
LP001030,-0.6724141010713773,-0.18306108418896885,-1.532061076423997,-3.4548579441686273,0.41173269183271005,1,1,0,1,0,0,0,0,1
LP001541,0.09772843680942066,-0.5544873301529852,0.16953563762184234,0.2732312961117544,0.41173269183271005,1,1,1,0,0,0,0,0,0
LP001119,-0.2954521824022184,-0.5544873301529852,-0.7824065800261797,0.2732312961117544,0.41173269183271005,1,0,0,0,0,0,0,0,1
LP002571,-0.28054408392377705,-0.5544873301529852,-0.4254282484081714,0.2732312961117544,0.41173269183271005,1,0,0,0,0,1,0,0,0
LP002225,-0.002041145315532749,-0.5544873301529852,-0.18744269399616592,0.2732312961117544,0.41173269183271005,1,1,0,1,0,0,0,0,1
LP001643,-0.49482752139412034,0.1767367157688076,-1.0441906898793858,0.2732312961117544,0.41173269183271005,1,1,0,0,0,0,0,0,0
LP001722,-0.8606493225189494,0.061136281942069534,-0.12794630539316454,0.2732312961117544,0.41173269183271005,1,1,0,0,0,0,0,0,0
LP001164,-0.19224226985916312,-0.5544873301529852,-0.4016296929669709,0.2732312961117544,0.41173269183271005,0,0,0,0,0,0,0,1,0
LP002112,-0.4756599662075529,1.0187730118677103,0.35992408115144675,0.2732312961117544,0.41173269183271005,1,1,0,1,0,0,1,0,0
LP001949,-0.1617707718702611,-0.12697093286475275,-0.4254282484081714,0.2732312961117544,0.41173269183271005,1,1,0,0,1,0,0,0,1
LP001836,-0.32379395203705735,-0.5544873301529852,-0.09224847223136372,0.2732312961117544,0.41173269183271005,0,0,0,1,0,0,0,0,1
LP002484,0.38278438573785895,-0.5544873301529852,-0.21124124943736647,-2.5228356340985316,0.41173269183271005,1,1,0,0,1,0,0,0,1
LP002455,-0.2530214405789623,-0.5544873301529852,-0.5920181364965753,0.2732312961117544,0.41173269183271005,1,1,0,1,0,0,0,1,0
LP002983,0.437174371395469,-0.4724041818736446,1.276168465637668,0.2732312961117544,0.41173269183271005,1,1,1,0,0,0,0,0,1
LP001884,-0.41406166919772946,-0.0209468663372711,-0.6634138028201769,0.2732312961117544,0.41173269183271005,0,0,1,0,0,0,0,0,1
LP001677,-0.07871136606180236,-0.5544873301529852,0.240931303945444,0.2732312961117544,-2.428760260810931,1,0,0,1,0,0,0,1,0
LP001562,0.4144026605327949,-0.5544873301529852,1.537952575490874,0.2732312961117544,0.41173269183271005,1,1,0,0,0,0,0,0,1
LP002296,-0.4338845254163163,-0.5544873301529852,-0.9608957458351838,-0.6587910139583409,0.41173269183271005,1,0,0,0,0,1,0,0,0
LP002529,0.21240611741281537,0.04403562605054023,1.0024850780638617,-0.6587910139583409,0.41173269183271005,1,1,0,1,0,0,0,1,0
LP001367,-0.38522842378887595,-0.20221381878748168,-0.5444210256141742,0.2732312961117544,0.41173269183271005,1,1,1,0,0,0,0,0,1
LP002250,0.01384990471093766,-0.5544873301529852,-0.2469390825991673,0.2732312961117544,0.41173269183271005,1,1,0,0,0,0,0,0,0
LP001003,-0.13441195378345122,-0.03873154846446157,-0.21124124943736647,0.2732312961117544,0.41173269183271005,1,1,1,0,0,0,0,0,0
LP002847,-0.04709309126686639,-0.05822629618080497,0.2290320262248437,0.2732312961117544,-2.428760260810931,1,1,0,0,0,0,0,0,1
LP001265,-0.25515116893302536,-0.5544873301529852,-0.41352897068757116,0.2732312961117544,0.41173269183271005,0,0,0,0,0,0,0,1,0
LP001692,-0.1630813739342999,-0.5544873301529852,-0.3064354712021687,0.2732312961117544,0.41173269183271005,0,0,0,0,0,1,0,1,0
LP001100,1.162592613840943,0.4715520233387727,2.0734200729178864,0.2732312961117544,0.41173269183271005,1,0,0,0,1,0,0,0,0
LP002626,-0.4791002966256548,0.47599819387057035,0.50271541379865,0.2732312961117544,0.41173269183271005,1,1,0,0,0,0,1,0,1
LP002368,0.08707979503910543,-0.5544873301529852,-0.1517448608343651,0.2732312961117544,0.41173269183271005,1,1,0,1,0,0,0,1,0
LP002453,0.27547884174468246,-0.5544873301529852,-0.7348094691437785,0.2732312961117544,0.41173269183271005,1,0,0,0,0,0,1,1,0
LP002187,-0.4756599662075529,-0.5544873301529852,-0.5920181364965753,2.1372759162519452,0.41173269183271005,1,0,0,0,0,0,0,1,0
LP001318,0.13868475131063304,1.3792548380611478,0.50271541379865,-2.5228356340985316,0.41173269183271005,1,1,0,1,0,0,0,1,0
LP002114,-0.2037100379195026,-0.5544873301529852,-0.8895000795115822,0.2732312961117544,0.41173269183271005,0,0,0,0,0,0,0,1,0
LP002832,0.5562753339649946,-0.5544873301529852,1.3356648542406693,0.2732312961117544,-2.428760260810931,1,1,0,1,0,0,0,0,1
LP002129,-0.47582379146555775,0.2861809134745951,0.16953563762184234,0.2732312961117544,0.41173269183271005,1,1,0,0,0,0,0,1,0
LP001800,-0.47402171362750445,0.12372468250506677,-0.06844991679016317,-2.5228356340985316,0.41173269183271005,1,1,1,0,0,1,0,0,1
LP001029,-0.5816549081366906,0.41682992448587897,-0.3778311375257703,0.2732312961117544,0.41173269183271005,1,0,0,0,0,0,0,0,0
LP002031,-0.32838105926119315,0.006414183089175776,-0.41352897068757116,-2.5228356340985316,0.41173269183271005,1,1,1,0,0,1,0,0,1
LP002243,-0.39210908462507965,0.5180658073637324,-0.21124124943736647,0.2732312961117544,-2.428760260810931,1,1,0,0,0,1,0,0,1
LP001894,-0.456000935246971,0.2058078307844074,0.05054286041583959,0.2732312961117544,0.41173269183271005,1,1,0,0,0,0,0,1,0
LP001577,-0.13441195378345122,-0.5544873301529852,-0.4016296929669709,0.2732312961117544,0.41173269183271005,0,1,0,0,0,0,0,0,0
LP002974,-0.355739877348003,0.11243824961665744,-0.44922680384937197,0.2732312961117544,0.41173269183271005,1,1,0,0,0,0,0,0,0
LP002543,0.47993276373473476,-0.5544873301529852,1.192873521593466,0.2732312961117544,0.41173269183271005,1,1,0,1,0,0,0,1,0
LP002948,0.061686880048353744,-0.5544873301529852,0.5503125246810512,0.2732312961117544,0.41173269183271005,1,1,0,1,0,0,0,0,1
LP002619,-0.26039357718918055,-0.04728187641022622,-0.2588383603197676,-0.6587910139583409,0.41173269183271005,1,1,0,0,0,1,0,1,0
LP001807,0.13868475131063304,-0.10987027697322346,-0.44922680384937197,0.2732312961117544,0.41173269183271005,1,1,0,1,0,0,1,0,0
LP002836,-0.3391935262895132,-0.5544873301529852,-0.9013993572321825,0.2732312961117544,0.41173269183271005,1,0,0,0,0,0,0,0,1
LP002820,0.08511389194304723,0.14800761387103836,0.7763988013724563,0.2732312961117544,0.41173269183271005,1,1,0,0,0,0,0,0,0
LP001647,0.6429388954495601,-0.5544873301529852,0.50271541379865,-2.5228356340985316,0.41173269183271005,1,1,0,0,0,0,0,0,0
LP002527,1.8219892773104625,-0.20768602867277106,0.05054286041583959,0.2732312961117544,0.41173269183271005,1,1,0,1,0,0,1,0,0
LP002637,-0.29577983291822807,-0.11431644750502108,-0.5444210256141742,0.2732312961117544,0.41173269183271005,1,0,0,0,0,1,0,0,0
LP001198,0.4384849734595078,0.21504218496583322,0.40752119203384785,0.2732312961117544,0.41173269183271005,1,1,1,0,0,0,0,0,1
LP002524,0.021058216063151045,1.0351896415235784,0.1933341930630429,0.2732312961117544,0.41173269183271005,1,0,0,1,0,0,0,0,0
LP002807,-0.28316528805185465,-0.4717201556379834,-0.44922680384937197,0.2732312961117544,0.41173269183271005,1,1,0,1,0,1,0,1,0
LP001841,-0.4620624697931504,0.1866550961858946,-0.49682391473177306,0.2732312961117544,0.41173269183271005,1,0,0,0,0,1,1,0,0
LP001046,0.09035630019920242,1.3693364576440608,2.013923684314885,0.2732312961117544,0.41173269183271005,1,1,1,0,0,0,0,0,1
LP002008,0.056116821276188854,-0.5544873301529852,-0.020852805907762065,-4.014071330210684,0.41173269183271005,1,1,0,1,0,0,1,0,0
LP002473,0.4800965889927396,-0.5544873301529852,0.16953563762184234,0.2732312961117544,0.41173269183271005,1,1,0,0,0,0,0,1,0
LP001560,-0.5800166555566422,-0.19845167449134524,-0.5682195810553747,0.2732312961117544,0.41173269183271005,1,1,0,0,0,1,0,1,0
LP001903,-0.23106885600631247,0.5652636176243533,0.7288016904900553,0.2732312961117544,0.41173269183271005,1,1,0,0,0,0,0,1,0
LP001656,1.0806799848385182,-0.5544873301529852,0.21713274850424344,0.2732312961117544,0.41173269183271005,1,0,0,0,0,0,0,1,0
LP002237,-0.28447589011589347,-0.5544873301529852,-0.3897304152463706,-2.5228356340985316,0.41173269183271005,1,0,1,0,0,0,0,0,1
LP002332,-0.5161248049347508,0.14082533839659606,-0.4254282484081714,0.2732312961117544,0.41173269183271005,1,1,0,0,0,1,0,0,0
LP002562,-0.011543010279814025,-0.1676704938865925,0.47891685835744946,0.2732312961117544,0.41173269183271005,1,1,1,0,0,1,0,0,1
LP002126,-0.36540556757028914,-0.5544873301529852,-0.8538022463497813,0.2732312961117544,0.41173269183271005,1,1,0,0,1,1,0,1,0
LP001996,2.429453333992445,-0.5544873301529852,3.9773045082139302,0.2732312961117544,0.41173269183271005,1,0,0,0,0,0,0,0,0
LP001469,2.4184770417061197,-0.5544873301529852,6.000181720715977,2.1372759162519452,0.41173269183271005,1,0,0,0,0,0,1,0,1
LP001343,-0.5970544823891465,0.6565811200851197,-0.17554341627556563,0.2732312961117544,0.41173269183271005,1,1,0,0,0,0,0,1,0
LP002201,0.6421197691595358,2.1381819465272183,2.787376736153903,-0.6587910139583409,0.41173269183271005,1,1,0,1,0,0,1,0,0
LP001282,-0.4756599662075529,0.16989645341219586,-0.49682391473177306,0.2732312961117544,0.41173269183271005,1,1,0,0,0,0,0,1,0
LP002472,-0.17192793786656177,-0.5544873301529852,-0.11604702767256427,0.2732312961117544,0.41173269183271005,1,0,0,1,0,0,0,0,0
LP002097,-0.16701318012641628,0.058742190117255434,-0.3421333043639695,0.2732312961117544,0.41173269183271005,1,0,1,0,0,0,0,0,1
LP001716,-0.36540556757028914,0.478734298813215,-0.10414774995196399,0.2732312961117544,0.41173269183271005,1,1,0,0,0,0,0,0,1
LP002500,-0.4024300758793852,0.01462249791710984,-0.9013993572321825,-2.5228356340985316,-2.428760260810931,1,1,0,0,1,1,0,0,1
LP001430,-0.2027270863714735,-0.5544873301529852,-1.2107805779677896,0.2732312961117544,0.41173269183271005,0,0,0,0,0,0,0,1,0
LP001043,0.369678365097471,-0.5544873301529852,-0.49682391473177306,0.2732312961117544,-2.428760260810931,1,1,0,0,0,1,0,0,1
LP001245,-0.5780507524605839,0.08678726577936348,-0.580118858775975,0.2732312961117544,0.41173269183271005,1,1,0,1,0,1,1,1,0
LP001369,0.9851698594216909,-0.16938055947574543,0.9429886894608602,0.2732312961117544,0.41173269183271005,1,1,0,1,0,0,0,0,1
LP001888,-0.35492075105797877,-0.5544873301529852,-1.3773704660561934,0.2732312961117544,0.41173269183271005,0,0,0,0,0,0,0,0,1
LP002393,0.7607292559550469,-0.5544873301529852,-0.21124124943736647,-1.5908133240284363,0.41173269183271005,0,1,0,0,0,0,0,1,0
LP001350,1.35099166054652,-0.5544873301529852,-0.21124124943736647,0.2732312961117544,0.41173269183271005,1,1,0,0,0,0,0,0,1
